municipality_code,prefecture,municipality_name,reading_katakana
011002,北海道,札幌市,さっぽろし
012025,北海道,函館市,はこだてし
012033,北海道,小樽市,おたるし
012041,北海道,旭川市,あさひかわし
012050,北海道,室蘭市,むろらんし
012068,北海道,釧路市,くしろし
012076,北海道,帯広市,おびひろし
012084,北海道,北見市,きたみし
012092,北海道,夕張市,ゆうばりし
012106,北海道,岩見沢市,いわみざわし
012114,北海道,網走市,あばしりし
012122,北海道,留萌市,るもいし
012131,北海道,苫小牧市,とまこまいし
012149,北海道,稚内市,わっかないし
012157,北海道,美唄市,びばいし
012165,北海道,芦別市,あしべつし
012173,北海道,江別市,えべつし
012181,北海道,赤平市,あかびらし
012190,北海道,紋別市,もんべつし
012203,北海道,士別市,しべつし
012211,北海道,名寄市,なよろし
012220,北海道,三笠市,みかさし
012238,北海道,根室市,ねむろし
012246,北海道,千歳市,ちとせし
012254,北海道,滝川市,たきかわし
012262,北海道,砂川市,すながわし
012271,北海道,歌志内市,うたしないし
012289,北海道,深川市,ふかがわし
012297,北海道,富良野市,ふらのし
012301,北海道,登別市,のぼりべつし
012319,北海道,恵庭市,えにわし
012335,北海道,伊達市,だてし
012343,北海道,北広島市,きたひろしまし
012351,北海道,石狩市,いしかりし
012360,北海道,北斗市,ほくとし
013030,北海道,当別町,とうべつちょう
013048,北海道,新篠津村,しんしのつむら
013315,北海道,松前町,まつまえちょう
013323,北海道,福島町,ふくしまちょう
013331,北海道,知内町,しりうちちょう
013340,北海道,木古内町,きこないちょう
013374,北海道,七飯町,ななえちょう
013439,北海道,鹿部町,しかべちょう
013455,北海道,森町,もりまち
013463,北海道,八雲町,やくもちょう
013471,北海道,長万部町,おしゃまんべちょう
013617,北海道,江差町,えさしちょう
013625,北海道,上ノ国町,かみのくにちょう
013633,北海道,厚沢部町,あっさぶちょう
013641,北海道,乙部町,おとべちょう
013676,北海道,奥尻町,おくしりちょう
013706,北海道,今金町,いまかねちょう
013714,北海道,せたな町,せたなちょう
013919,北海道,島牧村,しままきむら
013927,北海道,寿都町,すっつちょう
013935,北海道,黒松内町,くろまつないちょう
013951,北海道,ニセコ町,にせこちょう
013960,北海道,真狩村,まっかりむら
013978,北海道,留寿都村,るすつむら
013986,北海道,喜茂別町,きもべつちょう
013994,北海道,京極町,きょうごくちょう
014001,北海道,倶知安町,くっちゃんちょう
014010,北海道,共和町,きょうわちょう
014028,北海道,岩内町,いわないちょう
014036,北海道,泊村,とまりむら
014044,北海道,神恵内村,かもえないむら
014052,北海道,積丹町,しゃこたんちょう
014061,北海道,古平町,ふるびらちょう
014079,北海道,仁木町,にきちょう
014087,北海道,余市町,よいちちょう
014095,北海道,赤井川村,あかいがわむら
014231,北海道,南幌町,なんぽろちょう
014249,北海道,奈井江町,ないえちょう
014257,北海道,上砂川町,かみすながわちょう
014273,北海道,由仁町,ゆにちょう
014281,北海道,長沼町,ながぬまちょう
014290,北海道,栗山町,くりやまちょう
014303,北海道,月形町,つきがたちょう
014311,北海道,浦臼町,うらうすちょう
014320,北海道,新十津川町,しんとつかわちょう
014338,北海道,妹背牛町,もせうしちょう
014346,北海道,秩父別町,ちっぷべつちょう
014362,北海道,雨竜町,うりゅうちょう
014371,北海道,北竜町,ほくりゅうちょう
014389,北海道,沼田町,ぬまたちょう
014524,北海道,鷹栖町,たかすちょう
014532,北海道,東神楽町,ひがしかぐらちょう
014541,北海道,当麻町,とうまちょう
014559,北海道,比布町,ぴっぷちょう
014567,北海道,愛別町,あいべつちょう
014575,北海道,上川町,かみかわちょう
014583,北海道,東川町,ひがしかわちょう
014591,北海道,美瑛町,びえいちょう
014605,北海道,上富良野町,かみふらのちょう
014613,北海道,中富良野町,なかふらのちょう
014621,北海道,南富良野町,みなみふらのちょう
014630,北海道,占冠村,しむかっぷむら
014648,北海道,和寒町,わっさむちょう
014656,北海道,剣淵町,けんぶちちょう
014681,北海道,下川町,しもかわちょう
014699,北海道,美深町,びふかちょう
014702,北海道,音威子府村,おといねっぷむら
014711,北海道,中川町,なかがわちょう
014729,北海道,幌加内町,ほろかないちょう
014818,北海道,増毛町,ましけちょう
014826,北海道,小平町,おびらちょう
014834,北海道,苫前町,とままえちょう
014842,北海道,羽幌町,はぼろちょう
014851,北海道,初山別村,しょさんべつむら
014869,北海道,遠別町,えんべつちょう
014877,北海道,天塩町,てしおちょう
015113,北海道,猿払村,さるふつむら
015121,北海道,浜頓別町,はまとんべつちょう
015130,北海道,中頓別町,なかとんべつちょう
015164,北海道,豊富町,とよとみちょう
015172,北海道,礼文町,れぶんちょう
015181,北海道,利尻町,りしりちょう
015199,北海道,利尻富士町,りしりふじちょう
015202,北海道,幌延町,ほろのべちょう
015431,北海道,美幌町,びほろちょう
015440,北海道,津別町,つべつちょう
015458,北海道,斜里町,しゃりちょう
015466,北海道,清里町,きよさとちょう
015474,北海道,小清水町,こしみずちょう
015491,北海道,訓子府町,くんねっぷちょう
015504,北海道,置戸町,おけとちょう
015521,北海道,佐呂間町,さろまちょう
015555,北海道,遠軽町,えんがるちょう
015598,北海道,湧別町,ゆうべつちょう
015601,北海道,滝上町,たきのうえちょう
015610,北海道,興部町,おこっぺちょう
015628,北海道,西興部村,にしおこっぺむら
015636,北海道,雄武町,おうむちょう
015644,北海道,大空町,おおぞらちょう
015717,北海道,豊浦町,とようらちょう
015750,北海道,壮瞥町,そうべつちょう
015784,北海道,白老町,しらおいちょう
015814,北海道,厚真町,あつまちょう
015849,北海道,洞爺湖町,とうやこちょう
015857,北海道,安平町,あびらちょう
015865,北海道,むかわ町,むかわちょう
016012,北海道,日高町,ひだかちょう
016021,北海道,平取町,びらとりちょう
016047,北海道,新冠町,にいかっぷちょう
016071,北海道,浦河町,うらかわちょう
016080,北海道,様似町,さまにちょう
016098,北海道,えりも町,えりもちょう
016101,北海道,新ひだか町,しんひだかちょう
016314,北海道,音更町,おとふけちょう
016322,北海道,士幌町,しほろちょう
016331,北海道,上士幌町,かみしほろちょう
016349,北海道,鹿追町,しかおいちょう
016357,北海道,新得町,しんとくちょう
016365,北海道,清水町,しみずちょう
016373,北海道,芽室町,めむろちょう
016381,北海道,中札内村,なかさつないむら
016390,北海道,更別村,さらべつむら
016411,北海道,大樹町,たいきちょう
016420,北海道,広尾町,ひろおちょう
016438,北海道,幕別町,まくべつちょう
016446,北海道,池田町,いけだちょう
016454,北海道,豊頃町,とよころちょう
016462,北海道,本別町,ほんべつちょう
016471,北海道,足寄町,あしょろちょう
016489,北海道,陸別町,りくべつちょう
016497,北海道,浦幌町,うらほろちょう
016616,北海道,釧路町,くしろちょう
016624,北海道,厚岸町,あっけしちょう
016632,北海道,浜中町,はまなかちょう
016641,北海道,標茶町,しべちゃちょう
016659,北海道,弟子屈町,てしかがちょう
016675,北海道,鶴居村,つるいむら
016918,北海道,別海町,べつかいちょう
016926,北海道,中標津町,なかしべつちょう
016934,北海道,標津町,しべつちょう
016942,北海道,羅臼町,らうすちょう
016951,北海道,色丹村,しこたんむら
016969,北海道,泊村,とまりむら
016977,北海道,留夜別村,るやべつむら
016985,北海道,留別村,るべつむら
016993,北海道,紗那村,しゃなむら
017001,北海道,蘂取村,しべとろむら
022012,青森県,青森市,あおもりし
022021,青森県,弘前市,ひろさきし
022039,青森県,八戸市,はちのへし
022047,青森県,黒石市,くろいしし
022055,青森県,五所川原市,ごしょがわらし
022063,青森県,十和田市,とわだし
022071,青森県,三沢市,みさわし
022080,青森県,むつ市,むつし
022098,青森県,つがる市,つがるし
022101,青森県,平川市,ひらかわし
023019,青森県,平内町,ひらないまち
023035,青森県,今別町,いまべつまち
023043,青森県,蓬田村,よもぎたむら
023078,青森県,外ヶ浜町,そとがはままち
023213,青森県,鰺ヶ沢町,あじがさわまち
023230,青森県,深浦町,ふかうらまち
023434,青森県,西目屋村,にしめやむら
023612,青森県,藤崎町,ふじさきまち
023621,青森県,大鰐町,おおわにまち
023671,青森県,田舎館村,いなかだてむら
023817,青森県,板柳町,いたやなぎまち
023841,青森県,鶴田町,つるたまち
023876,青森県,中泊町,なかどまりまち
024015,青森県,野辺地町,のへじまち
024023,青森県,七戸町,しちのへまち
024058,青森県,六戸町,ろくのへまち
024066,青森県,横浜町,よこはままち
024082,青森県,東北町,とうほくまち
024112,青森県,六ヶ所村,ろっかしょむら
024121,青森県,おいらせ町,おいらせちょう
024236,青森県,大間町,おおままち
024244,青森県,東通村,ひがしどおりむら
024252,青森県,風間浦村,かざまうらむら
024261,青森県,佐井村,さいむら
024414,青森県,三戸町,さんのへまち
024422,青森県,五戸町,ごのへまち
024431,青森県,田子町,たっこまち
024457,青森県,南部町,なんぶちょう
024465,青森県,階上町,はしかみちょう
024503,青森県,新郷村,しんごうむら
032018,岩手県,盛岡市,もりおかし
032026,岩手県,宮古市,みやこし
032034,岩手県,大船渡市,おおふなとし
032051,岩手県,花巻市,はなまきし
032069,岩手県,北上市,きたかみし
032077,岩手県,久慈市,くじし
032093,岩手県,一関市,いちのせきし
032107,岩手県,陸前高田市,りくぜんたかたし
032115,岩手県,釜石市,かまいしし
032131,岩手県,二戸市,にのへし
032140,岩手県,八幡平市,はちまんたいし
032158,岩手県,奥州市,おうしゅうし
032166,岩手県,滝沢市,たきざわし
033014,岩手県,雫石町,しずくいしちょう
033022,岩手県,葛巻町,くずまきまち
033031,岩手県,岩手町,いわてまち
033219,岩手県,紫波町,しわちょう
033227,岩手県,矢巾町,やはばちょう
033669,岩手県,西和賀町,にしわがまち
033812,岩手県,金ケ崎町,かねがさきちょう
034029,岩手県,平泉町,ひらいずみちょう
034410,岩手県,住田町,すみたちょう
034614,岩手県,大槌町,おおつちちょう
034827,岩手県,山田町,やまだまち
034835,岩手県,岩泉町,いわいずみちょう
034843,岩手県,田野畑村,たのはたむら
034851,岩手県,普代村,ふだいむら
035017,岩手県,軽米町,かるまいまち
035033,岩手県,野田村,のだむら
035068,岩手県,九戸村,くのへむら
035076,岩手県,洋野町,ひろのちょう
035246,岩手県,一戸町,いちのへまち
041009,宮城県,仙台市,せんだいし
042021,宮城県,石巻市,いしのまきし
042030,宮城県,塩竈市,しおがまし
042056,宮城県,気仙沼市,けせんぬまし
042064,宮城県,白石市,しろいしし
042072,宮城県,名取市,なとりし
042081,宮城県,角田市,かくだし
042099,宮城県,多賀城市,たがじょうし
042111,宮城県,岩沼市,いわぬまし
042129,宮城県,登米市,とめし
042137,宮城県,栗原市,くりはらし
042145,宮城県,東松島市,ひがしまつしまし
042153,宮城県,大崎市,おおさきし
042161,宮城県,富谷市,とみやし
043010,宮城県,蔵王町,ざおうまち
043028,宮城県,七ヶ宿町,しちかしゅくまち
043214,宮城県,大河原町,おおがわらまち
043222,宮城県,村田町,むらたまち
043231,宮城県,柴田町,しばたまち
043249,宮城県,川崎町,かわさきまち
043419,宮城県,丸森町,まるもりまち
043613,宮城県,亘理町,わたりちょう
043621,宮城県,山元町,やまもとちょう
044016,宮城県,松島町,まつしままち
044041,宮城県,七ヶ浜町,しちがはままち
044067,宮城県,利府町,りふちょう
044211,宮城県,大和町,たいわちょう
044229,宮城県,大郷町,おおさとちょう
044245,宮城県,大衡村,おおひらむら
044440,宮城県,色麻町,しかまちょう
044458,宮城県,加美町,かみまち
045055,宮城県,美里町,みさとまち
045811,宮城県,女川町,おながわちょう
046060,宮城県,南三陸町,みなみさんりくちょう
052019,秋田県,秋田市,あきたし
052027,秋田県,能代市,のしろし
052035,秋田県,横手市,よこてし
052043,秋田県,大館市,おおだてし
052060,秋田県,男鹿市,おがし
052078,秋田県,湯沢市,ゆざわし
052094,秋田県,鹿角市,かづのし
052108,秋田県,由利本荘市,ゆりほんじょうし
052116,秋田県,潟上市,かたがみし
052124,秋田県,大仙市,だいせんし
052132,秋田県,北秋田市,きたあきたし
052141,秋田県,にかほ市,にかほし
052159,秋田県,仙北市,せんぼくし
053031,秋田県,小坂町,こさかまち
053279,秋田県,上小阿仁村,かみこあにむら
053465,秋田県,藤里町,ふじさとまち
053481,秋田県,三種町,みたねちょう
053490,秋田県,八峰町,はっぽうちょう
053619,秋田県,五城目町,ごじょうめまち
053635,秋田県,八郎潟町,はちろうがたまち
053660,秋田県,井川町,いかわまち
053686,秋田県,大潟村,おおがたむら
054348,秋田県,美郷町,みさとちょう
054631,秋田県,羽後町,うごまち
054640,秋田県,東成瀬村,ひがしなるせむら
062014,山形県,山形市,やまがたし
062022,山形県,米沢市,よねざわし
062031,山形県,鶴岡市,つるおかし
062049,山形県,酒田市,さかたし
062057,山形県,新庄市,しんじょうし
062065,山形県,寒河江市,さがえし
062073,山形県,上山市,かみのやまし
062081,山形県,村山市,むらやまし
062090,山形県,長井市,ながいし
062103,山形県,天童市,てんどうし
062111,山形県,東根市,ひがしねし
062120,山形県,尾花沢市,おばなざわし
062138,山形県,南陽市,なんようし
063011,山形県,山辺町,やまのべまち
063029,山形県,中山町,なかやままち
063215,山形県,河北町,かほくちょう
063223,山形県,西川町,にしかわまち
063231,山形県,朝日町,あさひまち
063240,山形県,大江町,おおえまち
063410,山形県,大石田町,おおいしだまち
063614,山形県,金山町,かねやままち
063622,山形県,最上町,もがみまち
063631,山形県,舟形町,ふながたまち
063649,山形県,真室川町,まむろがわまち
063657,山形県,大蔵村,おおくらむら
063665,山形県,鮭川村,さけがわむら
063673,山形県,戸沢村,とざわむら
063819,山形県,高畠町,たかはたまち
064017,山形県,小国町,おぐにまち
064025,山形県,白鷹町,しらたかまち
064033,山形県,飯豊町,いいでまち
064262,山形県,三川町,みかわまち
064289,山形県,庄内町,しようないまち
064611,山形県,遊佐町,ゆざまち
072010,福島県,福島市,ふくしまし
072028,福島県,会津若松市,あいづわかまつし
072036,福島県,郡山市,こおりやまし
072044,福島県,いわき市,いわきし
072052,福島県,白河市,しらかわし
072079,福島県,須賀川市,すかがわし
072087,福島県,喜多方市,きたかたし
072095,福島県,相馬市,そうまし
072109,福島県,二本松市,にほんまつし
072117,福島県,田村市,たむらし
072125,福島県,南相馬市,みなみそうまし
072133,福島県,伊達市,だてし
072141,福島県,本宮市,もとみやし
073016,福島県,桑折町,こおりまち
073032,福島県,国見町,くにみまち
073083,福島県,川俣町,かわまたまち
073229,福島県,大玉村,おおたまむら
073423,福島県,鏡石町,かがみいしまち
073440,福島県,天栄村,てんえいむら
073628,福島県,下郷町,しもごうまち
073644,福島県,檜枝岐村,ひのえまたむら
073679,福島県,只見町,ただみまち
073687,福島県,南会津町,みなみあいづまち
074021,福島県,北塩原村,きたしおばらむら
074055,福島県,西会津町,にしあいづまち
074071,福島県,磐梯町,ばんだいまち
074080,福島県,猪苗代町,いなわしろまち
074217,福島県,会津坂下町,あいづばんげまち
074225,福島県,湯川村,ゆがわむら
074233,福島県,柳津町,やないづまち
074446,福島県,三島町,みしままち
074454,福島県,金山町,かねやままち
074462,福島県,昭和村,しょうわむら
074471,福島県,会津美里町,あいづみさとまち
074616,福島県,西郷村,にしごうむら
074641,福島県,泉崎村,いずみざきむら
074659,福島県,中島村,なかじまむら
074667,福島県,矢吹町,やぶきまち
074811,福島県,棚倉町,たなぐらまち
074829,福島県,矢祭町,やまつりまち
074837,福島県,塙町,はなわまち
074845,福島県,鮫川村,さめがわむら
075019,福島県,石川町,いしかわまち
075027,福島県,玉川村,たまかわむら
075035,福島県,平田村,ひらたむら
075043,福島県,浅川町,あさかわまち
075051,福島県,古殿町,ふるどのまち
075213,福島県,三春町,みはるまち
075221,福島県,小野町,おのまち
075418,福島県,広野町,ひろのまち
075426,福島県,楢葉町,ならはまち
075442,福島県,川内村,かわうちむら
075451,福島県,大熊町,おおくままち
075469,福島県,双葉町,ふたばまち
075477,福島県,浪江町,なみえまち
075485,福島県,葛尾村,かつらおむら
075612,福島県,新地町,しんちまち
075647,福島県,飯舘村,いいたてむら
082015,茨城県,水戸市,みとし
082023,茨城県,日立市,ひたちし
082031,茨城県,土浦市,つちうらし
082040,茨城県,古河市,こがし
082058,茨城県,石岡市,いしおかし
082074,茨城県,結城市,ゆうきし
082082,茨城県,龍ケ崎市,りゅうがさきし
082104,茨城県,下妻市,しもつまし
082112,茨城県,常総市,じょうそうし
082121,茨城県,常陸太田市,ひたちおおたし
082147,茨城県,高萩市,たかはぎし
082155,茨城県,北茨城市,きたいばらきし
082163,茨城県,笠間市,かさまし
082171,茨城県,取手市,とりでし
082198,茨城県,牛久市,うしくし
082201,茨城県,つくば市,つくばし
082210,茨城県,ひたちなか市,ひたちなかし
082228,茨城県,鹿嶋市,かしまし
082236,茨城県,潮来市,いたこし
082244,茨城県,守谷市,もりやし
082252,茨城県,常陸大宮市,ひたちおおみやし
082261,茨城県,那珂市,なかし
082279,茨城県,筑西市,ちくせいし
082287,茨城県,坂東市,ばんどうし
082295,茨城県,稲敷市,いなしきし
082309,茨城県,かすみがうら市,かすみがうらし
082317,茨城県,桜川市,さくらがわし
082325,茨城県,神栖市,かみすし
082333,茨城県,行方市,なめがたし
082341,茨城県,鉾田市,ほこたし
082350,茨城県,つくばみらい市,つくばみらいし
082368,茨城県,小美玉市,おみたまし
083020,茨城県,茨城町,いばらきまち
083097,茨城県,大洗町,おおあらいまち
083101,茨城県,城里町,しろさとまち
083411,茨城県,東海村,とうかいむら
083640,茨城県,大子町,だいごまち
084425,茨城県,美浦村,みほむら
084433,茨城県,阿見町,あみまち
084476,茨城県,河内町,かわちまち
085219,茨城県,八千代町,やちよまち
085421,茨城県,五霞町,ごかまち
085464,茨城県,境町,さかいまち
085642,茨城県,利根町,とねまち
092011,栃木県,宇都宮市,うつのみやし
092029,栃木県,足利市,あしかがし
092037,栃木県,栃木市,とちぎし
092045,栃木県,佐野市,さのし
092053,栃木県,鹿沼市,かぬまし
092088,栃木県,小山市,おやまし
092096,栃木県,真岡市,もおかし
092100,栃木県,大田原市,おおたわらし
092118,栃木県,矢板市,やいたし
092134,栃木県,那須塩原市,なすしおばらし
092142,栃木県,さくら市,さくらし
092151,栃木県,那須烏山市,なすからすやまし
092169,栃木県,下野市,しもつけし
093017,栃木県,上三川町,かみのかわまち
093424,栃木県,益子町,ましこまち
093432,栃木県,茂木町,もてぎまち
093441,栃木県,市貝町,いちかいまち
093459,栃木県,芳賀町,はがまち
093611,栃木県,壬生町,みぶまち
093645,栃木県,野木町,のぎまち
093840,栃木県,塩谷町,しおやまち
093866,栃木県,高根沢町,たかねざわまち
094072,栃木県,那須町,なすまち
094111,栃木県,那珂川町,なかがわまち
102016,群馬県,前橋市,まえばしし
102024,群馬県,高崎市,たかさきし
102032,群馬県,桐生市,きりゅうし
102041,群馬県,伊勢崎市,いせさきし
102059,群馬県,太田市,おおたし
102067,群馬県,沼田市,ぬまたし
102075,群馬県,館林市,たてばやしし
102083,群馬県,渋川市,しぶかわし
102091,群馬県,藤岡市,ふじおかし
102105,群馬県,富岡市,とみおかし
102113,群馬県,安中市,あんなかし
102121,群馬県,みどり市,みどりし
103446,群馬県,榛東村,しんとうむら
103454,群馬県,吉岡町,よしおかまち
103667,群馬県,上野村,うえのむら
103675,群馬県,神流町,かんなまち
103829,群馬県,下仁田町,しもにたまち
103837,群馬県,南牧村,なんもくむら
103845,群馬県,甘楽町,かんらまち
104213,群馬県,中之条町,なかのじようまち
104248,群馬県,長野原町,ながのはらまち
104256,群馬県,嬬恋村,つまごいむら
104264,群馬県,草津町,くさつまち
104281,群馬県,高山村,たかやまむら
104299,群馬県,東吾妻町,ひがしあがつままち
104434,群馬県,片品村,かたしなむら
104442,群馬県,川場村,かわばむら
104485,群馬県,昭和村,しょうわむら
104493,群馬県,みなかみ町,みなかみまち
104647,群馬県,玉村町,たまむらまち
105210,群馬県,板倉町,いたくらまち
105228,群馬県,明和町,めいわまち
105236,群馬県,千代田町,ちよだまち
105244,群馬県,大泉町,おおいずみまち
105252,群馬県,邑楽町,おうらまち
111007,埼玉県,さいたま市,さいたまし
112011,埼玉県,川越市,かわごえし
112038,埼玉県,川口市,かわぐちし
112062,埼玉県,行田市,ぎようだし
112071,埼玉県,秩父市,ちちぶし
112089,埼玉県,所沢市,ところざわし
112097,埼玉県,飯能市,はんのうし
112101,埼玉県,加須市,かぞし
112119,埼玉県,本庄市,ほんじようし
112127,埼玉県,東松山市,ひがしまつやまし
112143,埼玉県,春日部市,かすかべし
112151,埼玉県,狭山市,さやまし
112160,埼玉県,羽生市,はにゆうし
112178,埼玉県,鴻巣市,こうのすし
112186,埼玉県,深谷市,ふかやし
112194,埼玉県,上尾市,あげおし
112216,埼玉県,草加市,そうかし
112224,埼玉県,越谷市,こしがやし
112232,埼玉県,蕨市,わらびし
112241,埼玉県,戸田市,とだし
112259,埼玉県,入間市,いるまし
112275,埼玉県,朝霞市,あさかし
112283,埼玉県,志木市,しきし
112291,埼玉県,和光市,わこうし
112305,埼玉県,新座市,にいざし
112313,埼玉県,桶川市,おけがわし
112321,埼玉県,久喜市,くきし
112330,埼玉県,北本市,きたもとし
112348,埼玉県,八潮市,やしおし
112356,埼玉県,富士見市,ふじみし
112372,埼玉県,三郷市,みさとし
112381,埼玉県,蓮田市,はすだし
112399,埼玉県,坂戸市,さかどし
112402,埼玉県,幸手市,さってし
112411,埼玉県,鶴ヶ島市,つるがしまし
112429,埼玉県,日高市,ひだかし
112437,埼玉県,吉川市,よしかわし
112453,埼玉県,ふじみ野市,ふじみのし
112461,埼玉県,白岡市,しらおかし
113018,埼玉県,伊奈町,いなまち
113247,埼玉県,三芳町,みよしまち
113263,埼玉県,毛呂山町,もろやままち
113271,埼玉県,越生町,おごせまち
113417,埼玉県,滑川町,なめがわまち
113425,埼玉県,嵐山町,らんざんまち
113433,埼玉県,小川町,おがわまち
113468,埼玉県,川島町,かわじままち
113476,埼玉県,吉見町,よしみまち
113484,埼玉県,鳩山町,はとやままち
113492,埼玉県,ときがわ町,ときがわまち
113611,埼玉県,横瀬町,よこぜまち
113620,埼玉県,皆野町,みなのまち
113638,埼玉県,長瀞町,ながとろまち
113654,埼玉県,小鹿野町,おがのまち
113697,埼玉県,東秩父村,ひがしちちぶむら
113816,埼玉県,美里町,みさとまち
113832,埼玉県,神川町,かみかわまち
113859,埼玉県,上里町,かみさとまち
114081,埼玉県,寄居町,よりいまち
114421,埼玉県,宮代町,みやしろまち
114651,埼玉県,松伏町,まつぶしまち
121002,千葉県,千葉市,ちばし
122025,千葉県,銚子市,ちょうしし
122033,千葉県,市川市,いちかわし
122041,千葉県,船橋市,ふなばしし
122050,千葉県,館山市,たてやまし
122068,千葉県,木更津市,きさらづし
122076,千葉県,松戸市,まつどし
122084,千葉県,野田市,のだし
122106,千葉県,茂原市,もばらし
122114,千葉県,成田市,なりたし
122122,千葉県,佐倉市,さくらし
122131,千葉県,東金市,とうがねし
122157,千葉県,旭市,あさひし
122165,千葉県,習志野市,ならしのし
122173,千葉県,柏市,かしわし
122181,千葉県,勝浦市,かつうらし
122190,千葉県,市原市,いちはらし
122203,千葉県,流山市,ながれやまし
122211,千葉県,八千代市,やちよし
122220,千葉県,我孫子市,あびこし
122238,千葉県,鴨川市,かもがわし
122246,千葉県,鎌ケ谷市,かまがやし
122254,千葉県,君津市,きみつし
122262,千葉県,富津市,ふっつし
122271,千葉県,浦安市,うらやすし
122289,千葉県,四街道市,よつかいどうし
122297,千葉県,袖ケ浦市,そでがうらし
122301,千葉県,八街市,やちまたし
122319,千葉県,印西市,いんざいし
122327,千葉県,白井市,しろいし
122335,千葉県,富里市,とみさとし
122343,千葉県,南房総市,みなみぼうそうし
122351,千葉県,匝瑳市,そうさし
122360,千葉県,香取市,かとりし
122378,千葉県,山武市,さんむし
122386,千葉県,いすみ市,いすみし
122394,千葉県,大網白里市,おおあみしらさとし
123226,千葉県,酒々井町,しすいまち
123293,千葉県,栄町,さかえまち
123421,千葉県,神崎町,こうざきまち
123471,千葉県,多古町,たこまち
123498,千葉県,東庄町,とうのしょうまち
124036,千葉県,九十九里町,くじゆうくりまち
124095,千葉県,芝山町,しばやままち
124109,千葉県,横芝光町,よこしばひかりまち
124214,千葉県,一宮町,いちのみやまち
124222,千葉県,睦沢町,むつざわまち
124231,千葉県,長生村,ちょうせいむら
124249,千葉県,白子町,しらこまち
124265,千葉県,長柄町,ながらまち
124273,千葉県,長南町,ちょうなんまち
124419,千葉県,大多喜町,おおたきまち
124435,千葉県,御宿町,おんじゆくまち
124630,千葉県,鋸南町,きよなんまち
131016,東京都,千代田区,ちよだく
131032,東京都,港区,みなとく
131041,東京都,新宿区,しんじゅくく
131059,東京都,文京区,ぶんきょうく
131067,東京都,台東区,たいとうく
131075,東京都,墨田区,すみだく
131083,東京都,江東区,こうとうく
131091,東京都,品川区,しながわく
131105,東京都,目黒区,めぐろく
131113,東京都,大田区,おおたく
131121,東京都,世田谷区,せたがやく
131130,東京都,渋谷区,しぶやく
131148,東京都,中野区,なかのく
131156,東京都,杉並区,すぎなみく
131164,東京都,豊島区,としまく
131172,東京都,北区,きたく
131181,東京都,荒川区,あらかわく
131199,東京都,板橋区,いたばしく
131202,東京都,練馬区,ねりまく
131211,東京都,足立区,あだちく
131229,東京都,葛飾区,かつしかく
131237,東京都,江戸川区,えどがわく
132012,東京都,八王子市,はちおうじし
132021,東京都,立川市,たちかわし
132039,東京都,武蔵野市,むさしのし
132047,東京都,三鷹市,みたかし
132055,東京都,青梅市,おうめし
132063,東京都,府中市,ふちゅうし
132071,東京都,昭島市,あきしまし
132080,東京都,調布市,ちょうふし
132098,東京都,町田市,まちだし
132101,東京都,小金井市,こがねいし
132110,東京都,小平市,こだいらし
132128,東京都,日野市,ひのし
132136,東京都,東村山市,ひがしむらやまし
132144,東京都,国分寺市,こくぶんじし
132152,東京都,国立市,くにたちし
132187,東京都,福生市,ふっさし
132195,東京都,狛江市,こまえし
132209,東京都,東大和市,ひがしやまとし
132217,東京都,清瀬市,きよせし
132225,東京都,東久留米市,ひがしくるめし
132233,東京都,武蔵村山市,むさしむらやまし
132241,東京都,多摩市,たまし
132250,東京都,稲城市,いなぎし
132276,東京都,羽村市,はむらし
132284,東京都,あきる野市,あきるのし
132292,東京都,西東京市,にしとうきょうし
133035,東京都,瑞穂町,みずほまち
133051,東京都,日の出町,ひのでまち
133078,東京都,檜原村,ひのはらむら
133086,東京都,奥多摩町,おくたままち
133612,東京都,大島町,おおしままち
133621,東京都,利島村,としまむら
133639,東京都,新島村,にいじまむら
133647,東京都,神津島村,こうづしまむら
133817,東京都,三宅村,みやけむら
133825,東京都,御蔵島村,みくらじまむら
134015,東京都,八丈町,はちじょうまち
134210,東京都,小笠原村,おがさわらむら
141003,神奈川県,横浜市,よこはまし
141305,神奈川県,川崎市,かわさきし
141500,神奈川県,相模原市,さがみはらし
142018,神奈川県,横須賀市,よこすかし
142034,神奈川県,平塚市,ひらつかし
142042,神奈川県,鎌倉市,かまくらし
142051,神奈川県,藤沢市,ふじさわし
142069,神奈川県,小田原市,おだわらし
142077,神奈川県,茅ヶ崎市,ちがさきし
142085,神奈川県,逗子市,ずしし
142107,神奈川県,三浦市,みうらし
142115,神奈川県,秦野市,はだのし
142123,神奈川県,厚木市,あつぎし
142131,神奈川県,大和市,やまとし
142140,神奈川県,伊勢原市,いせはらし
142158,神奈川県,海老名市,えびなし
142166,神奈川県,座間市,ざまし
142174,神奈川県,南足柄市,みなみあしがらし
142182,神奈川県,綾瀬市,あやせし
143014,神奈川県,葉山町,はやままち
143219,神奈川県,寒川町,さむかわまち
143413,神奈川県,大磯町,おおいそまち
143421,神奈川県,二宮町,にのみやまち
143618,神奈川県,中井町,なかいまち
143626,神奈川県,大井町,おおいまち
143634,神奈川県,松田町,まつだまち
143642,神奈川県,山北町,やまきたまち
143669,神奈川県,開成町,かいせいまち
143821,神奈川県,箱根町,はこねまち
143839,神奈川県,真鶴町,まなづるまち
143847,神奈川県,湯河原町,ゆがわらまち
144011,神奈川県,愛川町,あいかわまち
144029,神奈川県,清川村,きよかわむら
151009,新潟県,新潟市,にいがたし
152021,新潟県,長岡市,ながおかし
152048,新潟県,三条市,さんじょうし
152056,新潟県,柏崎市,かしわざきし
152064,新潟県,新発田市,しばたし
152081,新潟県,小千谷市,おぢやし
152099,新潟県,加茂市,かもし
152102,新潟県,十日町市,とおかまちし
152111,新潟県,見附市,みつけし
152129,新潟県,村上市,むらかみし
152137,新潟県,燕市,つばめし
152161,新潟県,糸魚川市,いといがわし
152170,新潟県,妙高市,みょうこうし
152188,新潟県,五泉市,ごせんし
152226,新潟県,上越市,じょうえつし
152234,新潟県,阿賀野市,あがのし
152242,新潟県,佐渡市,さどし
152251,新潟県,魚沼市,うおぬまし
152269,新潟県,南魚沼市,みなみうおぬまし
152277,新潟県,胎内市,たいないし
153079,新潟県,聖籠町,せいろうまち
153427,新潟県,弥彦村,やひこむら
153851,新潟県,阿賀町,あがまち
154059,新潟県,出雲崎町,いずもざきまち
154610,新潟県,湯沢町,ゆざわまち
154822,新潟県,津南町,つなんまち
155047,新潟県,刈羽村,かりわむら
155811,新潟県,関川村,せきかわむら
155861,新潟県,粟島浦村,あわしまうらむら
162019,富山県,富山市,とやまし
162027,富山県,高岡市,たかおかし
162043,富山県,魚津市,うおづし
162051,富山県,氷見市,ひみし
162060,富山県,滑川市,なめりかわし
162078,富山県,黒部市,くろべし
162086,富山県,砺波市,となみし
162094,富山県,小矢部市,おやべし
162108,富山県,南砺市,なんとし
162116,富山県,射水市,いみずし
163210,富山県,舟橋村,ふなはしむら
163228,富山県,上市町,かみいちまち
163236,富山県,立山町,たてやままち
163422,富山県,入善町,にゅうぜんまち
163431,富山県,朝日町,あさひまち
172014,石川県,金沢市,かなざわし
172022,石川県,七尾市,ななおし
172031,石川県,小松市,こまつし
172049,石川県,輪島市,わじまし
172057,石川県,珠洲市,すずし
172065,石川県,加賀市,かがし
172073,石川県,羽咋市,はくいし
172090,石川県,かほく市,かほくし
172103,石川県,白山市,はくさんし
172111,石川県,能美市,のみし
172120,石川県,野々市市,ののいちし
173240,石川県,川北町,かわきたまち
173614,石川県,津幡町,つばたまち
173657,石川県,内灘町,うちなだまち
173843,石川県,志賀町,しかまち
173860,石川県,宝達志水町,ほうだつしみずちょう
174076,石川県,中能登町,なかのとまち
174611,石川県,穴水町,あなみずまち
174637,石川県,能登町,のとちょう
182010,福井県,福井市,ふくいし
182028,福井県,敦賀市,つるがし
182044,福井県,小浜市,おばまし
182052,福井県,大野市,おおのし
182061,福井県,勝山市,かつやまし
182079,福井県,鯖江市,さばえし
182087,福井県,あわら市,あわらし
182095,福井県,越前市,えちぜんし
182109,福井県,坂井市,さかいし
183229,福井県,永平寺町,えいへいじちょう
183822,福井県,池田町,いけだちょう
184047,福井県,南越前町,みなみえちぜんちょう
184233,福井県,越前町,えちぜんちょう
184420,福井県,美浜町,みはまちょう
184837,福井県,おおい町,おおいちょう
185019,福井県,若狭町,わかさちょう
192015,山梨県,甲府市,こうふし
192023,山梨県,富士吉田市,ふじよしだし
192040,山梨県,都留市,つるし
192058,山梨県,山梨市,やまなしし
192066,山梨県,大月市,おおつきし
192074,山梨県,韮崎市,にらさきし
192082,山梨県,南アルプス市,みなみあるぷすし
192091,山梨県,北杜市,ほくとし
192104,山梨県,甲斐市,かいし
192112,山梨県,笛吹市,ふえふきし
192121,山梨県,上野原市,うえのはらし
192139,山梨県,甲州市,こうしゅうし
192147,山梨県,中央市,ちゅうおうし
193461,山梨県,市川三郷町,いちかわみさとちょう
193640,山梨県,早川町,はやかわちょう
193658,山梨県,身延町,みのぶちょう
193666,山梨県,南部町,なんぶちょう
193682,山梨県,富士川町,ふじかわちょう
193844,山梨県,昭和町,しょうわちょう
194221,山梨県,道志村,どうしむら
194239,山梨県,西桂町,にしかつらちょう
194247,山梨県,忍野村,おしのむら
194255,山梨県,山中湖村,やまなかこむら
194298,山梨県,鳴沢村,なるさわむら
194301,山梨県,富士河口湖町,ふじかわぐちこまち
194425,山梨県,小菅村,こすげむら
194433,山梨県,丹波山村,たばやまむら
202011,長野県,長野市,ながのし
202029,長野県,松本市,まつもとし
202037,長野県,上田市,うえだし
202045,長野県,岡谷市,おかやし
202053,長野県,飯田市,いいだし
202061,長野県,諏訪市,すわし
202070,長野県,須坂市,すざかし
202088,長野県,小諸市,こもろし
202096,長野県,伊那市,いなし
202100,長野県,駒ヶ根市,こまがねし
202118,長野県,中野市,なかのし
202126,長野県,大町市,おおまちし
202134,長野県,飯山市,いいやまし
202142,長野県,茅野市,ちのし
202151,長野県,塩尻市,しおじりし
202177,長野県,佐久市,さくし
202185,長野県,千曲市,ちくまし
202193,長野県,東御市,とうみし
202207,長野県,安曇野市,あづみのし
203033,長野県,小海町,こうみまち
203041,長野県,川上村,かわかみむら
203050,長野県,南牧村,みなみまきむら
203068,長野県,南相木村,みなみあいきむら
203076,長野県,北相木村,きたあいきむら
203092,長野県,佐久穂町,さくほまち
203211,長野県,軽井沢町,かるいざわまち
203238,長野県,御代田町,みよたまち
203491,長野県,青木村,あおきむら
203505,長野県,長和町,ながわまち
203611,長野県,下諏訪町,しもすわまち
203629,長野県,富士見町,ふじみまち
203637,長野県,原村,はらむら
203823,長野県,辰野町,たつのまち
203831,長野県,箕輪町,みのわまち
203840,長野県,飯島町,いいじままち
203858,長野県,南箕輪村,みなみみのわむら
203866,長野県,中川村,なかがわむら
203882,長野県,宮田村,みやだむら
204021,長野県,松川町,まつかわまち
204030,長野県,高森町,たかもりまち
204048,長野県,阿南町,あなんちょう
204072,長野県,阿智村,あちむら
204099,長野県,平谷村,ひらやむら
204102,長野県,根羽村,ねばむら
204111,長野県,下條村,しもじょうむら
204129,長野県,売木村,うるぎむら
204137,長野県,天龍村,てんりゅうむら
204145,長野県,泰阜村,やすおかむら
204153,長野県,喬木村,たかぎむら
204161,長野県,豊丘村,とよおかむら
204170,長野県,大鹿村,おおしかむら
204226,長野県,上松町,あげまつまち
204234,長野県,南木曽町,なぎそまち
204251,長野県,木祖村,きそむら
204293,長野県,王滝村,おうたきむら
204307,長野県,大桑村,おおくわむら
204323,長野県,木曽町,きそまち
204463,長野県,麻績村,おみむら
204480,長野県,生坂村,いくさかむら
204501,長野県,山形村,やまがたむら
204510,長野県,朝日村,あさひむら
204528,長野県,筑北村,ちくほくむら
204811,長野県,池田町,いけだまち
204820,長野県,松川村,まつかわむら
204854,長野県,白馬村,はくばむら
204862,長野県,小谷村,おたりむら
205214,長野県,坂城町,さかきまち
205419,長野県,小布施町,おぶせまち
205435,長野県,高山村,たかやまむら
205613,長野県,山ノ内町,やまのうちまち
205621,長野県,木島平村,きじまだいらむら
205630,長野県,野沢温泉村,のざわおんせんむら
205834,長野県,信濃町,しなのまち
205885,長野県,小川村,おがわむら
205907,長野県,飯綱町,いいづなまち
206024,長野県,栄村,さかえむら
212016,岐阜県,岐阜市,ぎふし
212024,岐阜県,大垣市,おおがきし
212032,岐阜県,高山市,たかやまし
212041,岐阜県,多治見市,たじみし
212059,岐阜県,関市,せきし
212067,岐阜県,中津川市,なかつがわし
212075,岐阜県,美濃市,みのし
212083,岐阜県,瑞浪市,みずなみし
212105,岐阜県,恵那市,えなし
212113,岐阜県,美濃加茂市,みのかもし
212121,岐阜県,土岐市,ときし
212130,岐阜県,各務原市,かかみがはらし
212148,岐阜県,可児市,かにし
212156,岐阜県,山県市,やまがたし
212164,岐阜県,瑞穂市,みずほし
212172,岐阜県,飛騨市,ひだし
212181,岐阜県,本巣市,もとすし
212199,岐阜県,郡上市,ぐじょうし
212202,岐阜県,下呂市,げろし
212211,岐阜県,海津市,かいづし
213021,岐阜県,岐南町,ぎなんちょう
213039,岐阜県,笠松町,かさまつちょう
213411,岐阜県,養老町,ようろうちょう
213616,岐阜県,垂井町,たるいちょう
213624,岐阜県,関ケ原町,せきがはらちょう
213811,岐阜県,神戸町,ごうどちょう
213829,岐阜県,輪之内町,わのうちちょう
213837,岐阜県,安八町,あんぱちちょう
214019,岐阜県,揖斐川町,いびがわちょう
214035,岐阜県,大野町,おおのちょう
214043,岐阜県,池田町,いけだちょう
214213,岐阜県,北方町,きたがたちょう
215015,岐阜県,坂祝町,さかほぎちょう
215023,岐阜県,富加町,とみかちょう
215031,岐阜県,川辺町,かわべちょう
215040,岐阜県,七宗町,ひちそうちょう
215058,岐阜県,八百津町,やおつちょう
215066,岐阜県,白川町,しらかわちょう
215074,岐阜県,東白川村,ひがししらかわむら
215210,岐阜県,御嵩町,みたけちょう
216046,岐阜県,白川村,しらかわむら
221007,静岡県,静岡市,しずおかし
221309,静岡県,浜松市,はままつし
222038,静岡県,沼津市,ぬまづし
222054,静岡県,熱海市,あたみし
222062,静岡県,三島市,みしまし
222071,静岡県,富士宮市,ふじのみやし
222089,静岡県,伊東市,いとうし
222097,静岡県,島田市,しまだし
222101,静岡県,富士市,ふじし
222119,静岡県,磐田市,いわたし
222127,静岡県,焼津市,やいづし
222135,静岡県,掛川市,かけがわし
222143,静岡県,藤枝市,ふじえだし
222151,静岡県,御殿場市,ごてんばし
222160,静岡県,袋井市,ふくろいし
222194,静岡県,下田市,しもだし
222208,静岡県,裾野市,すそのし
222216,静岡県,湖西市,こさいし
222224,静岡県,伊豆市,いずし
222232,静岡県,御前崎市,おまえざきし
222241,静岡県,菊川市,きくがわし
222259,静岡県,伊豆の国市,いずのくにし
222267,静岡県,牧之原市,まきのはらし
223018,静岡県,東伊豆町,ひがしいずちょう
223042,静岡県,南伊豆町,みなみいずちょう
223051,静岡県,松崎町,まつざきちょう
223069,静岡県,西伊豆町,にしいずちょう
223255,静岡県,函南町,かんなみちょう
223417,静岡県,清水町,しみずちょう
223425,静岡県,長泉町,ながいずみちょう
223441,静岡県,小山町,おやまちょう
224243,静岡県,吉田町,よしだちょう
224294,静岡県,川根本町,かわねほんちょう
224618,静岡県,森町,もりまち
231002,愛知県,名古屋市,なごやし
232017,愛知県,豊橋市,とよはしし
232025,愛知県,岡崎市,おかざきし
232033,愛知県,一宮市,いちのみやし
232041,愛知県,瀬戸市,せとし
232050,愛知県,半田市,はんだし
232068,愛知県,春日井市,かすがいし
232076,愛知県,豊川市,とよかわし
232084,愛知県,津島市,つしまし
232092,愛知県,碧南市,へきなんし
232106,愛知県,刈谷市,かりやし
232114,愛知県,豊田市,とよたし
232122,愛知県,安城市,あんじょうし
232131,愛知県,西尾市,にしおし
232149,愛知県,蒲郡市,がまごおりし
232157,愛知県,犬山市,いぬやまし
232165,愛知県,常滑市,とこなめし
232173,愛知県,江南市,こうなんし
232190,愛知県,小牧市,こまきし
232203,愛知県,稲沢市,いなざわし
232211,愛知県,新城市,しんしろし
232220,愛知県,東海市,とうかいし
232238,愛知県,大府市,おおぶし
232246,愛知県,知多市,ちたし
232254,愛知県,知立市,ちりゅうし
232262,愛知県,尾張旭市,おわりあさひし
232271,愛知県,高浜市,たかはまし
232289,愛知県,岩倉市,いわくらし
232297,愛知県,豊明市,とよあけし
232301,愛知県,日進市,にっしんし
232319,愛知県,田原市,たはらし
232327,愛知県,愛西市,あいさいし
232335,愛知県,清須市,きよすし
232343,愛知県,北名古屋市,きたなごやし
232351,愛知県,弥富市,やとみし
232360,愛知県,みよし市,みよしし
232378,愛知県,あま市,あまし
232386,愛知県,長久手市,ながくてし
233021,愛知県,東郷町,とうごうちょう
233421,愛知県,豊山町,とよやまちょう
233617,愛知県,大口町,おおぐちちょう
233625,愛知県,扶桑町,ふそうちょう
234249,愛知県,大治町,おおはるちょう
234257,愛知県,蟹江町,かにえちょう
234273,愛知県,飛島村,とびしまむら
234419,愛知県,阿久比町,あぐいちょう
234427,愛知県,東浦町,ひがしうらちょう
234460,愛知県,美浜町,みはまちょう
234478,愛知県,武豊町,たけとよちょう
235016,愛知県,幸田町,こうたちょう
235610,愛知県,設楽町,したらちょう
235628,愛知県,東栄町,とうえいちょう
235636,愛知県,豊根村,とよねむら
242012,三重県,津市,つし
242021,三重県,四日市市,よっかいちし
242039,三重県,伊勢市,いせし
242047,三重県,松阪市,まつさかし
242055,三重県,桑名市,くわなし
242071,三重県,鈴鹿市,すずかし
242080,三重県,名張市,なばりし
242098,三重県,尾鷲市,おわせし
242101,三重県,亀山市,かめやまし
242110,三重県,鳥羽市,とばし
242128,三重県,熊野市,くまのし
242144,三重県,いなべ市,いなべし
242152,三重県,志摩市,しまし
242161,三重県,伊賀市,いがし
243035,三重県,木曽岬町,きそさきちょう
243248,三重県,東員町,とういんちょう
243418,三重県,菰野町,こものちょう
243434,三重県,朝日町,あさひちょう
243442,三重県,川越町,かわごえちょう
244414,三重県,多気町,たきちょう
244422,三重県,明和町,めいわちょう
244431,三重県,大台町,おおだいちょう
244619,三重県,玉城町,たまきちょう
244708,三重県,度会町,わたらいちょう
244716,三重県,大紀町,たいきちょう
244724,三重県,南伊勢町,みなみいせちょう
245437,三重県,紀北町,きほくちょう
245615,三重県,御浜町,みはまちょう
245623,三重県,紀宝町,きほうちょう
252018,滋賀県,大津市,おおつし
252026,滋賀県,彦根市,ひこねし
252034,滋賀県,長浜市,ながはまし
252042,滋賀県,近江八幡市,おうみはちまんし
252069,滋賀県,草津市,くさつし
252077,滋賀県,守山市,もりやまし
252085,滋賀県,栗東市,りっとうし
252093,滋賀県,甲賀市,こうかし
252107,滋賀県,野洲市,やすし
252115,滋賀県,湖南市,こなんし
252123,滋賀県,高島市,たかしまし
252131,滋賀県,東近江市,ひがしおうみし
252140,滋賀県,米原市,まいばらし
253839,滋賀県,日野町,ひのちょう
253847,滋賀県,竜王町,りゆうおうちょう
254258,滋賀県,愛荘町,あいしょうちょう
254410,滋賀県,豊郷町,とよさとちょう
254428,滋賀県,甲良町,こうらちょう
254436,滋賀県,多賀町,たがちょう
261009,京都府,京都市,きょうとし
262021,京都府,舞鶴市,まいづるし
262030,京都府,綾部市,あやべし
262048,京都府,宇治市,うじし
262056,京都府,宮津市,みやづし
262064,京都府,亀岡市,かめおかし
262072,京都府,城陽市,じょうようし
262081,京都府,向日市,むこうし
262099,京都府,長岡京市,ながおかきょうし
262102,京都府,八幡市,やわたし
262111,京都府,京田辺市,きょうたなべし
262129,京都府,京丹後市,きょうたんごし
262137,京都府,南丹市,なんたんし
262145,京都府,木津川市,きづがわし
263036,京都府,大山崎町,おおやまざきちょう
263222,京都府,久御山町,くみやまちょう
263435,京都府,井手町,いでちょう
263443,京都府,宇治田原町,うじたわらちょう
263648,京都府,笠置町,かさぎちょう
263656,京都府,和束町,わづかちょう
263664,京都府,精華町,せいかちょう
263672,京都府,南山城村,みなみやましろむら
264075,京都府,京丹波町,きょうたんばちょう
264636,京都府,伊根町,いねちょう
264652,京都府,与謝野町,よさのちょう
271004,大阪府,大阪市,おおさかし
271403,大阪府,堺市,さかいし
272027,大阪府,岸和田市,きしわだし
272035,大阪府,豊中市,とよなかし
272043,大阪府,池田市,いけだし
272051,大阪府,吹田市,すいたし
272060,大阪府,泉大津市,いずみおおつし
272078,大阪府,高槻市,たかつきし
272086,大阪府,貝塚市,かいづかし
272094,大阪府,守口市,もりぐちし
272108,大阪府,枚方市,ひらかたし
272116,大阪府,茨木市,いばらきし
272124,大阪府,八尾市,やおし
272132,大阪府,泉佐野市,いずみさのし
272141,大阪府,富田林市,とんだばやしし
272159,大阪府,寝屋川市,ねやがわし
272167,大阪府,河内長野市,かわちながのし
272175,大阪府,松原市,まつばらし
272183,大阪府,大東市,だいとうし
272191,大阪府,和泉市,いずみし
272205,大阪府,箕面市,みのおし
272213,大阪府,柏原市,かしわらし
272221,大阪府,羽曳野市,はびきのし
272230,大阪府,門真市,かどまし
272248,大阪府,摂津市,せっつし
272256,大阪府,高石市,たかいしし
272264,大阪府,藤井寺市,ふじいでらし
272272,大阪府,東大阪市,ひがしおおさかし
272281,大阪府,泉南市,せんなんし
272299,大阪府,四條畷市,しじようなわてし
272302,大阪府,交野市,かたのし
272311,大阪府,大阪狭山市,おおさかさやまし
272329,大阪府,阪南市,はんなんし
273210,大阪府,豊能町,とよのちょう
273228,大阪府,能勢町,のせちょう
273414,大阪府,忠岡町,ただおかちょう
273619,大阪府,熊取町,くまとりちょう
273627,大阪府,田尻町,たじりちょう
273660,大阪府,岬町,みさきちょう
273813,大阪府,太子町,たいしちょう
273821,大阪府,河南町,かなんちょう
273830,大阪府,千早赤阪村,ちはやあかさかむら
281000,兵庫県,神戸市,こうべし
282014,兵庫県,姫路市,ひめじし
282022,兵庫県,尼崎市,あまがさきし
282031,兵庫県,明石市,あかしし
282049,兵庫県,西宮市,にしのみやし
282057,兵庫県,洲本市,すもとし
282065,兵庫県,芦屋市,あしやし
282073,兵庫県,伊丹市,いたみし
282081,兵庫県,相生市,あいおいし
282090,兵庫県,豊岡市,とよおかし
282103,兵庫県,加古川市,かこがわし
282120,兵庫県,赤穂市,あこうし
282138,兵庫県,西脇市,にしわきし
282146,兵庫県,宝塚市,たからづかし
282154,兵庫県,三木市,みきし
282162,兵庫県,高砂市,たかさごし
282171,兵庫県,川西市,かわにしし
282189,兵庫県,小野市,おのし
282197,兵庫県,三田市,さんだし
282201,兵庫県,加西市,かさいし
282219,兵庫県,丹波篠山市,たんばささやまし
282227,兵庫県,養父市,やぶし
282235,兵庫県,丹波市,たんばし
282243,兵庫県,南あわじ市,みなみあわじし
282251,兵庫県,朝来市,あさごし
282260,兵庫県,淡路市,あわじし
282278,兵庫県,宍粟市,しそうし
282286,兵庫県,加東市,かとうし
282294,兵庫県,たつの市,たつのし
283011,兵庫県,猪名川町,いながわちょう
283657,兵庫県,多可町,たかちょう
283819,兵庫県,稲美町,いなみちょう
283827,兵庫県,播磨町,はりまちょう
284424,兵庫県,市川町,いちかわちょう
284432,兵庫県,福崎町,ふくさきちょう
284467,兵庫県,神河町,かみかわちょう
284645,兵庫県,太子町,たいしちょう
284815,兵庫県,上郡町,かみごおりちょう
285013,兵庫県,佐用町,さようちょう
285854,兵庫県,香美町,かみちょう
285862,兵庫県,新温泉町,しんおんせんちょう
292010,奈良県,奈良市,ならし
292028,奈良県,大和高田市,やまとたかだし
292036,奈良県,大和郡山市,やまとこおりやまし
292044,奈良県,天理市,てんりし
292052,奈良県,橿原市,かしはらし
292061,奈良県,桜井市,さくらいし
292087,奈良県,御所市,ごせし
292095,奈良県,生駒市,いこまし
292109,奈良県,香芝市,かしばし
292117,奈良県,葛城市,かつらぎし
292125,奈良県,宇陀市,うだし
293229,奈良県,山添村,やまぞえむら
293423,奈良県,平群町,へぐりちょう
293431,奈良県,三郷町,さんごうちょう
293440,奈良県,斑鳩町,いかるがちょう
293458,奈良県,安堵町,あんどちょう
293610,奈良県,川西町,かわにしちょう
293628,奈良県,三宅町,みやけちょう
293636,奈良県,田原本町,たわらもとちょう
293857,奈良県,曽爾村,そにむら
293865,奈良県,御杖村,みつえむら
294012,奈良県,高取町,たかとりちょう
294021,奈良県,明日香村,あすかむら
294241,奈良県,上牧町,かんまきちょう
294250,奈良県,王寺町,おうじちょう
294268,奈良県,広陵町,こうりようちょう
294276,奈良県,河合町,かわいちょう
294411,奈良県,吉野町,よしのちょう
294420,奈良県,大淀町,おおよどちょう
294438,奈良県,下市町,しもいちちょう
294446,奈良県,黒滝村,くろたきむら
294462,奈良県,天川村,てんかわむら
294471,奈良県,野迫川村,のせがわむら
294497,奈良県,十津川村,とつかわむら
294501,奈良県,下北山村,しもきたやまむら
294519,奈良県,上北山村,かみきたやまむら
294527,奈良県,川上村,かわかみむら
294535,奈良県,東吉野村,ひがしよしのむら
302015,和歌山県,和歌山市,わかやまし
302023,和歌山県,海南市,かいなんし
302031,和歌山県,橋本市,はしもとし
302040,和歌山県,有田市,ありだし
302058,和歌山県,御坊市,ごぼうし
302066,和歌山県,田辺市,たなべし
302074,和歌山県,新宮市,しんぐうし
302082,和歌山県,紀の川市,きのかわし
302091,和歌山県,岩出市,いわでし
303046,和歌山県,紀美野町,きみのちょう
303411,和歌山県,かつらぎ町,かつらぎちょう
303437,和歌山県,九度山町,くどやまちょう
303445,和歌山県,高野町,こうやちょう
303615,和歌山県,湯浅町,ゆあさちょう
303623,和歌山県,広川町,ひろがわちょう
303666,和歌山県,有田川町,ありだがわちょう
303810,和歌山県,美浜町,みはまちょう
303828,和歌山県,日高町,ひだかちょう
303836,和歌山県,由良町,ゆらちょう
303909,和歌山県,印南町,いなみちょう
303917,和歌山県,みなべ町,みなべちょう
303925,和歌山県,日高川町,ひだかがわちょう
304018,和歌山県,白浜町,しらはまちょう
304042,和歌山県,上富田町,かみとんだちょう
304069,和歌山県,すさみ町,すさみちょう
304221,和歌山県,太地町,たいじちょう
304247,和歌山県,古座川町,こざがわちょう
304271,和歌山県,北山村,きたやまむら
304280,和歌山県,串本町,くしもとちょう
312011,鳥取県,鳥取市,とっとりし
312029,鳥取県,米子市,よなごし
312037,鳥取県,倉吉市,くらよしし
312045,鳥取県,境港市,さかいみなとし
313025,鳥取県,岩美町,いわみちょう
313254,鳥取県,若桜町,わかさちょう
313289,鳥取県,智頭町,ちづちょう
313297,鳥取県,八頭町,やずちょう
313645,鳥取県,三朝町,みささちょう
313700,鳥取県,湯梨浜町,ゆりはまちょう
313718,鳥取県,琴浦町,ことうらちょう
313726,鳥取県,北栄町,ほくえいちょう
313840,鳥取県,日吉津村,ひえづそん
313866,鳥取県,大山町,だいせんちょう
313891,鳥取県,南部町,なんぶちょう
313904,鳥取県,伯耆町,ほうきちょう
314013,鳥取県,日南町,にちなんちょう
314021,鳥取県,日野町,ひのちょう
314030,鳥取県,江府町,こうふちょう
322016,島根県,松江市,まつえし
322024,島根県,浜田市,はまだし
322032,島根県,出雲市,いずもし
322041,島根県,益田市,ますだし
322059,島根県,大田市,おおだし
322067,島根県,安来市,やすぎし
322075,島根県,江津市,ごうつし
322091,島根県,雲南市,うんなんし
323438,島根県,奥出雲町,おくいずもちょう
323861,島根県,飯南町,いいなんちょう
324418,島根県,川本町,かわもとまち
324485,島根県,美郷町,みさとちょう
324493,島根県,邑南町,おおなんちょう
325015,島根県,津和野町,つわのちょう
325058,島根県,吉賀町,よしかちょう
325252,島根県,海士町,あまちょう
325261,島根県,西ノ島町,にしのしまちょう
325279,島根県,知夫村,ちぶむら
325287,島根県,隠岐の島町,おきのしまちょう
331007,岡山県,岡山市,おかやまし
332020,岡山県,倉敷市,くらしきし
332038,岡山県,津山市,つやまし
332046,岡山県,玉野市,たまのし
332054,岡山県,笠岡市,かさおかし
332071,岡山県,井原市,いばらし
332089,岡山県,総社市,そうじやし
332097,岡山県,高梁市,たかはしし
332101,岡山県,新見市,にいみし
332119,岡山県,備前市,びぜんし
332127,岡山県,瀬戸内市,せとうちし
332135,岡山県,赤磐市,あかいわし
332143,岡山県,真庭市,まにわし
332160,岡山県,浅口市,あさくちし
333468,岡山県,和気町,わけちょう
334235,岡山県,早島町,はやしまちょう
334456,岡山県,里庄町,さとしょうちょう
334618,岡山県,矢掛町,やかげちょう
335860,岡山県,新庄村,しんじようそん
336068,岡山県,鏡野町,かがみのちょう
336220,岡山県,勝央町,しょうおうちょう
336238,岡山県,奈義町,なぎちょう
336432,岡山県,西粟倉村,にしあわくらそん
336637,岡山県,久米南町,くめなんちょう
336661,岡山県,美咲町,みさきちょう
336815,岡山県,吉備中央町,きびちゅうおうちょう
341002,広島県,広島市,ひろしまし
342025,広島県,呉市,くれし
342033,広島県,竹原市,たけはらし
342041,広島県,三原市,みはらし
342050,広島県,尾道市,おのみちし
342076,広島県,福山市,ふくやまし
342084,広島県,府中市,ふちゅうし
342092,広島県,三次市,みよしし
342106,広島県,庄原市,しょうばらし
342114,広島県,大竹市,おおたけし
342122,広島県,東広島市,ひがしひろしまし
342131,広島県,廿日市市,はつかいちし
342149,広島県,安芸高田市,あきたかたし
342157,広島県,江田島市,えたじまし
343021,広島県,府中町,ふちゅうちょう
343048,広島県,海田町,かいたちょう
343072,広島県,熊野町,くまのちょう
343099,広島県,坂町,さかちょう
343684,広島県,安芸太田町,あきおおたちょう
343692,広島県,北広島町,きたひろしまちょう
344311,広島県,大崎上島町,おおさきかみじまちょう
344621,広島県,世羅町,せらちょう
345458,広島県,神石高原町,じんせきこうげんちょう
352012,山口県,下関市,しものせきし
352021,山口県,宇部市,うべし
352039,山口県,山口市,やまぐちし
352047,山口県,萩市,はぎし
352063,山口県,防府市,ほうふし
352071,山口県,下松市,くだまつし
352080,山口県,岩国市,いわくにし
352101,山口県,光市,ひかりし
352110,山口県,長門市,ながとし
352128,山口県,柳井市,やないし
352136,山口県,美祢市,みねし
352152,山口県,周南市,しゅうなんし
352161,山口県,山陽小野田市,さんようおのだし
353051,山口県,周防大島町,すおうおおしまちょう
353213,山口県,和木町,わきちょう
353418,山口県,上関町,かみのせきちょう
353434,山口県,田布施町,たぶせちょう
353442,山口県,平生町,ひらおちょう
355020,山口県,阿武町,あぶちょう
362026,徳島県,鳴門市,なるとし
362034,徳島県,小松島市,こまつしまし
362042,徳島県,阿南市,あなんし
362051,徳島県,吉野川市,よしのがわし
362069,徳島県,阿波市,あわし
362077,徳島県,美馬市,みまし
362085,徳島県,三好市,みよしし
363014,徳島県,勝浦町,かつうらちょう
363022,徳島県,上勝町,かみかつちょう
363219,徳島県,佐那河内村,さなごうちそん
363413,徳島県,石井町,いしいちょう
363421,徳島県,神山町,かみやまちょう
363685,徳島県,那賀町,なかちょう
363839,徳島県,牟岐町,むぎちょう
363871,徳島県,美波町,みなみちょう
363880,徳島県,海陽町,かいようちょう
364011,徳島県,松茂町,まつしげちょう
364029,徳島県,北島町,きたじまちょう
364037,徳島県,藍住町,あいずみちょう
364045,徳島県,板野町,いたのちょう
364053,徳島県,上板町,かみいたちょう
364681,徳島県,つるぎ町,つるぎちょう
364894,徳島県,東みよし町,ひがしみよしちょう
372013,香川県,高松市,たかまつし
372021,香川県,丸亀市,まるがめし
372030,香川県,坂出市,さかいでし
372048,香川県,善通寺市,ぜんつうじし
372056,香川県,観音寺市,かんおんじし
372064,香川県,さぬき市,さぬきし
372072,香川県,東かがわ市,ひがしかがわし
372081,香川県,三豊市,みとよし
373222,香川県,土庄町,とのしょうちょう
373249,香川県,小豆島町,しょうどしまちょう
373419,香川県,三木町,みきちょう
373648,香川県,直島町,なおしまちょう
373869,香川県,宇多津町,うたづちょう
373877,香川県,綾川町,あやがわちょう
374032,香川県,琴平町,ことひらちょう
374041,香川県,多度津町,たどつちょう
374067,香川県,まんのう町,まんのうちょう
382019,愛媛県,松山市,まつやまし
382027,愛媛県,今治市,いまばりし
382035,愛媛県,宇和島市,うわじまし
382043,愛媛県,八幡浜市,やわたはまし
382051,愛媛県,新居浜市,にいはまし
382060,愛媛県,西条市,さいじょうし
382078,愛媛県,大洲市,おおずし
382108,愛媛県,伊予市,いよし
382132,愛媛県,四国中央市,しこくちゅうおうし
382141,愛媛県,西予市,せいよし
382159,愛媛県,東温市,とうおんし
383562,愛媛県,上島町,かみじまちょう
383864,愛媛県,久万高原町,くまこうげんちょう
384011,愛媛県,松前町,まさきちょう
384020,愛媛県,砥部町,とべちょう
384224,愛媛県,内子町,うちこちょう
384844,愛媛県,松野町,まつのちょう
384887,愛媛県,鬼北町,きほくちょう
385069,愛媛県,愛南町,あいなんちょう
392014,高知県,高知市,こうちし
392022,高知県,室戸市,むろとし
392031,高知県,安芸市,あきし
392049,高知県,南国市,なんこくし
392057,高知県,土佐市,とさし
392065,高知県,須崎市,すさきし
392081,高知県,宿毛市,すくもし
392090,高知県,土佐清水市,とさしみずし
392103,高知県,四万十市,しまんとし
392111,高知県,香南市,こうなんし
392120,高知県,香美市,かみし
393011,高知県,東洋町,とうようちょう
393029,高知県,奈半利町,なはりちょう
393037,高知県,田野町,たのちょう
393045,高知県,安田町,やすだちょう
393053,高知県,北川村,きたがわむら
393061,高知県,馬路村,うまじむら
393070,高知県,芸西村,げいせいむら
393410,高知県,本山町,もとやまちょう
393444,高知県,大豊町,おおとよちょう
393631,高知県,土佐町,とさちょう
393649,高知県,大川村,おおかわむら
393860,高知県,いの町,いのちょう
393878,高知県,仁淀川町,によどがわちょう
394017,高知県,中土佐町,なかとさちょう
394025,高知県,佐川町,さかわちょう
394033,高知県,越知町,おちちょう
394050,高知県,梼原町,ゆすはらちょう
394106,高知県,日高村,ひだかむら
394114,高知県,津野町,つのちょう
394122,高知県,四万十町,しまんとちょう
394246,高知県,大月町,おおつきちょう
394271,高知県,三原村,みはらむら
394289,高知県,黒潮町,くろしおちょう
401005,福岡県,北九州市,きたきゅうしゅうし
401307,福岡県,福岡市,ふくおかし
402028,福岡県,大牟田市,おおむたし
402036,福岡県,久留米市,くるめし
402044,福岡県,直方市,のおがたし
402052,福岡県,飯塚市,いいづかし
402061,福岡県,田川市,たがわし
402079,福岡県,柳川市,やながわし
402109,福岡県,八女市,やめし
402117,福岡県,筑後市,ちくごし
402125,福岡県,大川市,おおかわし
402133,福岡県,行橋市,ゆくはしし
402141,福岡県,豊前市,ぶぜんし
402150,福岡県,中間市,なかまし
402168,福岡県,小郡市,おごおりし
402176,福岡県,筑紫野市,ちくしのし
402184,福岡県,春日市,かすがし
402192,福岡県,大野城市,おおのじょうし
402206,福岡県,宗像市,むなかたし
402231,福岡県,古賀市,こがし
402249,福岡県,福津市,ふくつし
402257,福岡県,うきは市,うきはし
402265,福岡県,宮若市,みやわかし
402273,福岡県,嘉麻市,かまし
402281,福岡県,朝倉市,あさくらし
402290,福岡県,みやま市,みやまし
402303,福岡県,糸島市,いとしまし
402311,福岡県,那珂川市,なかがわし
403415,福岡県,宇美町,うみまち
403423,福岡県,篠栗町,ささぐりまち
403431,福岡県,志免町,しめまち
403440,福岡県,須恵町,すえまち
403458,福岡県,新宮町,しんぐうまち
403482,福岡県,久山町,ひさやままち
403491,福岡県,粕屋町,かすやまち
403814,福岡県,芦屋町,あしやまち
403822,福岡県,水巻町,みずまきまち
403831,福岡県,岡垣町,おかがきまち
403849,福岡県,遠賀町,おんがちょう
404012,福岡県,小竹町,こたけまち
404021,福岡県,鞍手町,くらてまち
404217,福岡県,桂川町,けいせんまち
404471,福岡県,筑前町,ちくぜんまち
404489,福岡県,東峰村,とうほうむら
405035,福岡県,大刀洗町,たちあらいまち
405221,福岡県,大木町,おおきまち
405442,福岡県,広川町,ひろかわまち
406015,福岡県,香春町,かわらまち
406023,福岡県,添田町,そえだまち
406040,福岡県,糸田町,いとだまち
406058,福岡県,川崎町,かわさきまち
406082,福岡県,大任町,おおとうまち
406091,福岡県,赤村,あかむら
406104,福岡県,福智町,ふくちまち
406210,福岡県,苅田町,かんだまち
406252,福岡県,みやこ町,みやこまち
406422,福岡県,吉富町,よしとみまち
406465,福岡県,上毛町,こうげまち
406473,福岡県,築上町,ちくじょうまち
412015,佐賀県,佐賀市,さがし
412023,佐賀県,唐津市,からつし
412031,佐賀県,鳥栖市,とすし
412040,佐賀県,多久市,たくし
412058,佐賀県,伊万里市,いまりし
412066,佐賀県,武雄市,たけおし
412074,佐賀県,鹿島市,かしまし
412082,佐賀県,小城市,おぎし
412091,佐賀県,嬉野市,うれしのし
412104,佐賀県,神埼市,かんざきし
413275,佐賀県,吉野ヶ里町,よしのがりちょう
413411,佐賀県,基山町,きやまちょう
413453,佐賀県,上峰町,かみみねちょう
413461,佐賀県,みやき町,みやきちょう
413879,佐賀県,玄海町,げんかいちょう
414018,佐賀県,有田町,ありたちょう
414239,佐賀県,大町町,おおまちちょう
414255,佐賀県,白石町,しろいしちょう
414417,佐賀県,太良町,たらちょう
422011,長崎県,長崎市,ながさきし
422029,長崎県,佐世保市,させぼし
422037,長崎県,島原市,しまばらし
422045,長崎県,諫早市,いさはやし
422053,長崎県,大村市,おおむらし
422070,長崎県,平戸市,ひらどし
422088,長崎県,松浦市,まつうらし
422096,長崎県,対馬市,つしまし
422100,長崎県,壱岐市,いきし
422118,長崎県,五島市,ごとうし
422126,長崎県,西海市,さいかいし
422134,長崎県,雲仙市,うんぜんし
422142,長崎県,南島原市,みなみしまばらし
423076,長崎県,長与町,ながよちょう
423084,長崎県,時津町,とぎつちょう
423211,長崎県,東彼杵町,ひがしそのぎちょう
423220,長崎県,川棚町,かわたなちょう
423238,長崎県,波佐見町,はさみちょう
423831,長崎県,小値賀町,おぢかちょう
423912,長崎県,佐々町,さざちょう
424111,長崎県,新上五島町,しんかみごとうちょう
431001,熊本県,熊本市,くまもとし
432024,熊本県,八代市,やつしろし
432032,熊本県,人吉市,ひとよしし
432041,熊本県,荒尾市,あらおし
432059,熊本県,水俣市,みなまたし
432067,熊本県,玉名市,たまなし
432083,熊本県,山鹿市,やまがし
432105,熊本県,菊池市,きくちし
432113,熊本県,宇土市,うとし
432121,熊本県,上天草市,かみあまくさし
432130,熊本県,宇城市,うきし
432148,熊本県,阿蘇市,あそし
432156,熊本県,天草市,あまくさし
432164,熊本県,合志市,こうしし
433489,熊本県,美里町,みさとまち
433641,熊本県,玉東町,ぎょくとうまち
433675,熊本県,南関町,なんかんまち
433683,熊本県,長洲町,ながすまち
433691,熊本県,和水町,なごみまち
434035,熊本県,大津町,おおづまち
434043,熊本県,菊陽町,きくようまち
434230,熊本県,南小国町,みなみおぐにまち
434248,熊本県,小国町,おぐにまち
434256,熊本県,産山村,うぶやまむら
434281,熊本県,高森町,たかもりまち
434329,熊本県,西原村,にしはらむら
434337,熊本県,南阿蘇村,みなみあそむら
434418,熊本県,御船町,みふねまち
434426,熊本県,嘉島町,かしままち
434434,熊本県,益城町,ましきまち
434442,熊本県,甲佐町,こうさまち
434477,熊本県,山都町,やまとちょう
434680,熊本県,氷川町,ひかわちょう
434841,熊本県,津奈木町,つなぎまち
435015,熊本県,錦町,にしきまち
435058,熊本県,多良木町,たらぎまち
435066,熊本県,湯前町,ゆのまえまち
435074,熊本県,水上村,みずかみむら
435104,熊本県,相良村,さがらむら
435112,熊本県,五木村,いつきむら
435121,熊本県,山江村,やまえむら
435139,熊本県,球磨村,くまむら
435147,熊本県,あさぎり町,あさぎりちょう
435317,熊本県,苓北町,れいほくまち
442011,大分県,大分市,おおいたし
442020,大分県,別府市,べっぷし
442038,大分県,中津市,なかつし
442046,大分県,日田市,ひたし
442054,大分県,佐伯市,さいきし
442062,大分県,臼杵市,うすきし
442071,大分県,津久見市,つくみし
442089,大分県,竹田市,たけたし
442097,大分県,豊後高田市,ぶんごたかだし
442101,大分県,杵築市,きつきし
442119,大分県,宇佐市,うさし
442127,大分県,豊後大野市,ぶんごおおのし
442135,大分県,由布市,ゆふし
442143,大分県,国東市,くにさきし
443221,大分県,姫島村,ひめしまむら
443417,大分県,日出町,ひじまち
444618,大分県,九重町,ここのえまち
444626,大分県,玖珠町,くすまち
452017,宮崎県,宮崎市,みやざきし
452025,宮崎県,都城市,みやこのじょうし
452033,宮崎県,延岡市,のべおかし
452041,宮崎県,日南市,にちなんし
452050,宮崎県,小林市,こばやしし
452068,宮崎県,日向市,ひゅうがし
452076,宮崎県,串間市,くしまし
452084,宮崎県,西都市,さいとし
452092,宮崎県,えびの市,えびのし
453412,宮崎県,三股町,みまたちょう
453617,宮崎県,高原町,たかはるちょう
453820,宮崎県,国富町,くにとみちょう
453838,宮崎県,綾町,あやちょう
454010,宮崎県,高鍋町,たかなべちょう
454028,宮崎県,新富町,しんとみちょう
454036,宮崎県,西米良村,にしめらそん
454044,宮崎県,木城町,きじょうちょう
454052,宮崎県,川南町,かわみなみちょう
454061,宮崎県,都農町,つのちょう
454214,宮崎県,門川町,かどがわちょう
454290,宮崎県,諸塚村,もろつかそん
454303,宮崎県,椎葉村,しいばそん
454311,宮崎県,美郷町,みさとちょう
454419,宮崎県,高千穂町,たかちほちょう
454427,宮崎県,日之影町,ひのかげちょう
454435,宮崎県,五ヶ瀬町,ごかせちょう
462039,鹿児島県,鹿屋市,かのやし
462047,鹿児島県,枕崎市,まくらざきし
462063,鹿児島県,阿久根市,あくねし
462080,鹿児島県,出水市,いずみし
462101,鹿児島県,指宿市,いぶすきし
462136,鹿児島県,西之表市,にしのおもてし
462144,鹿児島県,垂水市,たるみずし
462152,鹿児島県,薩摩川内市,さつませんだいし
462161,鹿児島県,日置市,ひおきし
462179,鹿児島県,曽於市,そおし
462187,鹿児島県,霧島市,きりしまし
462195,鹿児島県,いちき串木野市,いちきくしきのし
462209,鹿児島県,南さつま市,みなみさつまし
462217,鹿児島県,志布志市,しぶしし
462225,鹿児島県,奄美市,あまみし
462233,鹿児島県,南九州市,みなみきゅうしゅうし
462241,鹿児島県,伊佐市,いさし
462250,鹿児島県,姶良市,あいらし
463035,鹿児島県,三島村,みしまむら
463043,鹿児島県,十島村,としまむら
463922,鹿児島県,さつま町,さつまちょう
464040,鹿児島県,長島町,ながしまちょう
464520,鹿児島県,湧水町,ゆうすいちょう
464686,鹿児島県,大崎町,おおさきちょう
464821,鹿児島県,東串良町,ひがしくしらちょう
464902,鹿児島県,錦江町,きんこうちょう
464911,鹿児島県,南大隅町,みなみおおすみちょう
464929,鹿児島県,肝付町,きもつきちょう
465011,鹿児島県,中種子町,なかたねちょう
465020,鹿児島県,南種子町,みなみたねちょう
465054,鹿児島県,屋久島町,やくしまちょう
465232,鹿児島県,大和村,やまとそん
465241,鹿児島県,宇検村,うけんそん
465259,鹿児島県,瀬戸内町,せとうちちょう
465275,鹿児島県,龍郷町,たつごうちょう
465291,鹿児島県,喜界町,きかいちょう
465305,鹿児島県,徳之島町,とくのしまちょう
465313,鹿児島県,天城町,あまぎちょう
465321,鹿児島県,伊仙町,いせんちょう
465330,鹿児島県,和泊町,わどまりちょう
465348,鹿児島県,知名町,ちなちょう
465356,鹿児島県,与論町,よろんちょう
472018,沖縄県,那覇市,なはし
472051,沖縄県,宜野湾市,ぎのわんし
472077,沖縄県,石垣市,いしがきし
472085,沖縄県,浦添市,うらそえし
472093,沖縄県,名護市,なごし
472107,沖縄県,糸満市,いとまんし
472115,沖縄県,沖縄市,おきなわし
472123,沖縄県,豊見城市,とみぐすくし
472131,沖縄県,うるま市,うるまし
472140,沖縄県,宮古島市,みやこじまし
472158,沖縄県,南城市,なんじょうし
473014,沖縄県,国頭村,くにがみそん
473022,沖縄県,大宜味村,おおぎみそん
473031,沖縄県,東村,ひがしそん
473065,沖縄県,今帰仁村,なきじんそん
473111,沖縄県,恩納村,おんなそん
473138,沖縄県,宜野座村,ぎのざそん
473146,沖縄県,金武町,きんちょう
473154,沖縄県,伊江村,いえそん
473243,沖縄県,読谷村,よみたんそん
473251,沖縄県,嘉手納町,かでなちょう
473260,沖縄県,北谷町,ちやたんちょう
473278,沖縄県,北中城村,きたなかぐすくそん
473286,沖縄県,中城村,なかぐすくそん
473294,沖縄県,西原町,にしはらちょう
473481,沖縄県,与那原町,よなばるちょう
473502,沖縄県,南風原町,はえばるちょう
473537,沖縄県,渡嘉敷村,とかしきそん
473545,沖縄県,座間味村,ざまみそん
473553,沖縄県,粟国村,あぐにそん
473561,沖縄県,渡名喜村,となきそん
473570,沖縄県,南大東村,みなみだいとうそん
473588,沖縄県,北大東村,きただいとうそん
473596,沖縄県,伊平屋村,いへやそん
473600,沖縄県,伊是名村,いぜなそん
473618,沖縄県,久米島町,くめじまちょう
473626,沖縄県,八重瀬町,やえせちょう
473758,沖縄県,多良間村,たらまそん
473812,沖縄県,竹富町,たけとみちょう
473821,沖縄県,与那国町,よなぐにちょう
011002,北海道,札幌市,さっぽろし
011011,北海道,札幌市中央区,さっぽろしちゅうおうく
011029,北海道,札幌市北区,さっぽろしきたく
011037,北海道,札幌市東区,さっぽろしひがしく
011045,北海道,札幌市白石区,さっぽろししろいしく
011053,北海道,札幌市豊平区,さっぽろしとよひらく
011061,北海道,札幌市南区,さっぽろしみなみく
011070,北海道,札幌市西区,さっぽろしにしく
011088,北海道,札幌市厚別区,さっぽろしあつべつく
011096,北海道,札幌市手稲区,さっぽろしていねく
011100,北海道,札幌市清田区,さっぽろしきよたく
041009,宮城県,仙台市,せんだいし
041017,宮城県,仙台市青葉区,せんだいしあおばく
041025,宮城県,仙台市宮城野区,せんだいしみやぎのく
041033,宮城県,仙台市若林区,せんだいしわかばやしく
041041,宮城県,仙台市太白区,せんだいしたいはくく
041050,宮城県,仙台市泉区,せんだいしいずみく
111007,埼玉県,さいたま市,さいたまし
111015,埼玉県,さいたま市西区,さいたましにしく
111023,埼玉県,さいたま市北区,さいたましきたく
111031,埼玉県,さいたま市大宮区,さいたましおおみやく
111040,埼玉県,さいたま市見沼区,さいたましみぬまく
111058,埼玉県,さいたま市中央区,さいたましちゅうおうく
111066,埼玉県,さいたま市桜区,さいたましさくらく
111074,埼玉県,さいたま市浦和区,さいたましうらわく
111082,埼玉県,さいたま市南区,さいたましみなみく
111091,埼玉県,さいたま市緑区,さいたましみどりく
111104,埼玉県,さいたま市岩槻区,さいたましいわつきく
121002,千葉県,千葉市,ちばし
121011,千葉県,千葉市中央区,ちばしちゅうおうく
121029,千葉県,千葉市花見川区,ちばしはなみがわく
121037,千葉県,千葉市稲毛区,ちばしいなげく
121045,千葉県,千葉市若葉区,ちばしわかばく
121053,千葉県,千葉市緑区,ちばしみどりく
121061,千葉県,千葉市美浜区,ちばしみはまく
141003,神奈川県,横浜市,よこはまし
141011,神奈川県,横浜市鶴見区,よこはましつるみく
141020,神奈川県,横浜市神奈川区,よこはましかながわく
141038,神奈川県,横浜市西区,よこはましにしく
141046,神奈川県,横浜市中区,よこはましなかく
141054,神奈川県,横浜市南区,よこはましみなみく
141062,神奈川県,横浜市保土ケ谷区,よこはましほどがやく
141071,神奈川県,横浜市磯子区,よこはましいそごく
141089,神奈川県,横浜市金沢区,よこはましかなざわく
141097,神奈川県,横浜市港北区,よこはましこうほくく
141101,神奈川県,横浜市戸塚区,よこはましとつかく
141119,神奈川県,横浜市港南区,よこはましこうなんく
141127,神奈川県,横浜市旭区,よこはましあさひく
141135,神奈川県,横浜市緑区,よこはましみどりく
141143,神奈川県,横浜市瀬谷区,よこはましせやく
141151,神奈川県,横浜市栄区,よこはましさかえく
141160,神奈川県,横浜市泉区,よこはましいずみく
141178,神奈川県,横浜市青葉区,よこはましあおばく
141186,神奈川県,横浜市都筑区,よこはましつづきく
141305,神奈川県,川崎市,かわさきし
141313,神奈川県,川崎市川崎区,かわさきしかわさきく
141321,神奈川県,川崎市幸区,かわさきしさいわいく
141330,神奈川県,川崎市中原区,かわさきしなかはらく
141348,神奈川県,川崎市高津区,かわさきしたかつく
141356,神奈川県,川崎市多摩区,かわさきしたまく
141364,神奈川県,川崎市宮前区,かわさきしみやまえく
141372,神奈川県,川崎市麻生区,かわさきしあさおく
141500,神奈川県,相模原市,さがみはらし
141526,神奈川県,相模原市中央区,さがみはらしちゅうおうく
141534,神奈川県,相模原市南区,さがみはらしみなみく
151009,新潟県,新潟市,にいがたし
151017,新潟県,新潟市北区,にいがたしきたく
151025,新潟県,新潟市東区,にいがたしひがしく
151033,新潟県,新潟市中央区,にいがたしちゅうおうく
151041,新潟県,新潟市江南区,にいがたしこうなんく
151050,新潟県,新潟市秋葉区,にいがたしあきはく
151068,新潟県,新潟市南区,にいがたしみなみく
151076,新潟県,新潟市西区,にいがたしにしく
151084,新潟県,新潟市西蒲区,にいがたしにしかんく
221007,静岡県,静岡市,しずおかし
221015,静岡県,静岡市葵区,しずおかしあおいく
221023,静岡県,静岡市駿河区,しずおかしするがく
221031,静岡県,静岡市清水区,しずおかししみずく
221309,静岡県,浜松市,はままつし
221384,静岡県,浜松市中央区,はままつしちゅうおうく
221392,静岡県,浜松市浜名区,はままつしはまなく
221406,静岡県,浜松市天竜区,はままつしてんりゅうく
231002,愛知県,名古屋市,なごやし
231011,愛知県,名古屋市千種区,なごやしちくさく
231029,愛知県,名古屋市東区,なごやしひがしく
231037,愛知県,名古屋市北区,なごやしきたく
231045,愛知県,名古屋市西区,なごやしにしく
231053,愛知県,名古屋市中村区,なごやしなかむらく
231061,愛知県,名古屋市中区,なごやしなかく
231070,愛知県,名古屋市昭和区,なごやししょうわく
231088,愛知県,名古屋市瑞穂区,なごやしみずほく
231096,愛知県,名古屋市熱田区,なごやしあつたく
231100,愛知県,名古屋市中川区,なごやしなかがわく
231118,愛知県,名古屋市港区,なごやしみなとく
231126,愛知県,名古屋市南区,なごやしみなみく
231134,愛知県,名古屋市守山区,なごやしもりやまく
231142,愛知県,名古屋市緑区,なごやしみどりく
231151,愛知県,名古屋市名東区,なごやしめいとうく
231169,愛知県,名古屋市天白区,なごやしてんぱくく
261009,京都府,京都市,きょうとし
261017,京都府,京都市北区,きょうとしきたく
261025,京都府,京都市上京区,きょうとしかみぎょうく
261033,京都府,京都市左京区,きょうとしさきょうく
261041,京都府,京都市中京区,きょうとしなかぎょうく
261050,京都府,京都市東山区,きょうとしひがしやまく
261068,京都府,京都市下京区,きょうとししもぎょうく
261076,京都府,京都市南区,きょうとしみなみく
261084,京都府,京都市右京区,きょうとしうきょうく
261092,京都府,京都市伏見区,きょうとしふしみく
261106,京都府,京都市山科区,きょうとしやましなく
261114,京都府,京都市西京区,きょうとしにしきょうく
271004,大阪府,大阪市,おおさかし
271021,大阪府,大阪市都島区,おおさかしみやこじまく
271039,大阪府,大阪市福島区,おおさかしふくしまく
271047,大阪府,大阪市此花区,おおさかしこのはなく
271063,大阪府,大阪市西区,おおさかしにしく
271071,大阪府,大阪市港区,おおさかしみなとく
271080,大阪府,大阪市大正区,おおさかしたいしょうく
271098,大阪府,大阪市天王寺区,おおさかしてんのうじく
271110,大阪府,大阪市浪速区,おおさかしなにわく
271136,大阪府,大阪市西淀川区,おおさかしにしよどがわく
271144,大阪府,大阪市東淀川区,おおさかしひがしよどがわく
271152,大阪府,大阪市東成区,おおさかしひがしなりく
271161,大阪府,大阪市生野区,おおさかしいくのく
271179,大阪府,大阪市旭区,おおさかしあさひく
271187,大阪府,大阪市城東区,おおさかしじょうとうく
271195,大阪府,大阪市阿倍野区,おおさかしあべのく
271217,大阪府,大阪市東住吉区,おおさかしひがしすみよしく
271225,大阪府,大阪市西成区,おおさかしにしなりく
271233,大阪府,大阪市淀川区,おおさかしよどがわく
271241,大阪府,大阪市鶴見区,おおさかしつるみく
271250,大阪府,大阪市住之江区,おおさかしすみのえく
271268,大阪府,大阪市平野区,おおさかしひらのく
271276,大阪府,大阪市北区,おおさかしきたく
271284,大阪府,大阪市中央区,おおさかしちゅうおうく
271403,大阪府,堺市,さかいし
271411,大阪府,堺市堺区,さかいしさかいく
271420,大阪府,堺市中区,さかいしなかく
271438,大阪府,堺市東区,さかいしひがしく
271446,大阪府,堺市西区,さかいしにしく
271454,大阪府,堺市南区,さかいしみなみく
271462,大阪府,堺市北区,さかいしきたく
271471,大阪府,堺市美原区,さかいしみはらく
281000,兵庫県,神戸市,こうべし
281018,兵庫県,神戸市東灘区,こうべしひがしなだく
281026,兵庫県,神戸市灘区,こうべしなだく
281051,兵庫県,神戸市兵庫区,こうべしひょうごく
281069,兵庫県,神戸市長田区,こうべしながたく
281077,兵庫県,神戸市須磨区,こうべしすまく
281085,兵庫県,神戸市垂水区,こうべしたるみく
281093,兵庫県,神戸市北区,こうべしきたく
281107,兵庫県,神戸市中央区,こうべしちゅうおうく
281115,兵庫県,神戸市西区,こうべしにしく
331007,岡山県,岡山市,おかやまし
331015,岡山県,岡山市北区,おかやましきたく
331023,岡山県,岡山市中区,おかやましなかく
331031,岡山県,岡山市東区,おかやましひがしく
331040,岡山県,岡山市南区,おかやましみなみく
341002,広島県,広島市,ひろしまし
341011,広島県,広島市中区,ひろしましなかく
341029,広島県,広島市東区,ひろしましひがしく
341037,広島県,広島市南区,ひろしましみなみく
341045,広島県,広島市西区,ひろしましにしく
341053,広島県,広島市安佐南区,ひろしましあさみなみく
341061,広島県,広島市安佐北区,ひろしましあさきたく
341070,広島県,広島市安芸区,ひろしましあきく
341088,広島県,広島市佐伯区,ひろしましさえきく
401005,福岡県,北九州市,きたきゅうしゅうし
401013,福岡県,北九州市門司区,きたきゅうしゅうしもじく
401030,福岡県,北九州市若松区,きたきゅうしゅうしわかまつく
401056,福岡県,北九州市戸畑区,きたきゅうしゅうしとばたく
401064,福岡県,北九州市小倉北区,きたきゅうしゅうしこくらきたく
401072,福岡県,北九州市小倉南区,きたきゅうしゅうしこくらみなみく
401081,福岡県,北九州市八幡東区,
401099,福岡県,北九州市八幡西区,きたきゅうしゅうしやはたにしく
401307,福岡県,福岡市,ふくおかし
401315,福岡県,福岡市東区,ふくおかしひがしく
401323,福岡県,福岡市博多区,ふくおかしはかたく
401331,福岡県,福岡市中央区,ふくおかしちゅうおうく
401340,福岡県,福岡市南区,ふくおかしみなみく
401358,福岡県,福岡市西区,ふくおかしにしく
401366,福岡県,福岡市城南区,ふくおかしじょうなんく
401374,福岡県,福岡市早良区,ふくおかしさわらく
431001,熊本県,熊本市,くまもとし
431010,熊本県,熊本市中央区,くまもとしちゅうおうく
431028,熊本県,熊本市東区,くまもとしひがしく
431036,熊本県,熊本市西区,くまもとしにしく
431044,熊本県,熊本市南区,くまもとしみなみく
431052,熊本県,熊本市北区,くまもとしきたく
